species;color;age;weight;height;energy_level;is_pet_friendly
Dog;Brown;2;8.2;8.3;80.3659922974818;1
Hamster;Spotted;6;5.5;33.0;97.90883607222538;1
Rabbit;White;12;;41.3;;1
Dog;Spotted;5;3.3;37.7;110.88121149481478;1
Cat;Spotted;13;4.0;22.0;91.19696506483535;1
Cat;Brown;10;3.6;45.1;120.8525755010979;1
Cat;Spotted;9;5.2;17.7;90.08425498021376;1
Parrot;Brown;12;6.3;43.1;97.77631504609914;0
Rabbit;Black;5;5.7;19.0;103.11843326271762;1
Rabbit;Black;2;8.2;26.5;90.37918328897783;1
Cat;Brown;5;3.2;;;1
Hamster;Black;12;;15.3;;1
Parrot;White;4;2.4;44.7;114.12005141881099;0
Cat;Spotted;11;3.2;26.4;100.73797364906841;1
Cat;White;7;;31.4;;1
Cat;Spotted;6;4.1;41.6;116.54433139622017;1
Dog;Black;14;3.4;22.1;101.86893776603404;1
Dog;White;2;0.7;40.6;124.76457519858069;1
Dog;Black;12;3.4;46.4;112.6177743638575;1
Cat;Spotted;11;;23.4;;1
Rabbit;Brown;11;2.3;43.7;107.73891763065971;1
Cat;Brown;13;;12.4;;1
Cat;White;5;7.5;33.9;102.92049039205988;1
Dog;Black;7;;17.7;;1
Dog;Black;11;3.1;39.4;112.96686284319011;1
Rabbit;White;7;2.8;38.6;104.02192142159623;1
Cat;Brown;5;2.7;50.8;114.52151661469055;0
Dog;Spotted;12;6.1;44.2;105.13968392687275;1
Dog;White;9;5.1;28.3;90.208529571648;1
Cat;Spotted;4;6.9;19.2;88.80988373635307;1
Rabbit;Brown;11;9.0;35.7;86.66649763291427;1
Cat;Black;3;1.3;29.4;113.82379612869137;1
Cat;Brown;4;5.8;45.5;104.52299678923235;1
Parrot;White;5;;8.3;;0
Hamster;Black;13;6.6;51.9;104.75200856627593;1
Parrot;White;6;4.5;35.3;97.33810240085246;0
Dog;White;3;5.1;21.9;88.21519959481869;1
Cat;Brown;2;2.4;37.3;101.90495248221015;1
Rabbit;White;14;4.1;43.0;112.36478916304995;1
Dog;Brown;13;5.2;31.1;112.73865459634497;1
Cat;Black;4;7.7;12.4;85.27619068592567;1
Dog;Brown;5;;27.1;;1
Cat;Black;4;3.9;40.4;114.1678664539451;1
Parrot;Brown;14;6.9;35.0;94.20831995062957;0
Cat;Spotted;11;3.3;28.4;110.62657990495313;0
Rabbit;Spotted;13;7.3;43.1;97.25712654243742;1
Dog;White;12;5.0;;;1
Dog;Brown;3;5.6;38.2;101.25703837031845;1
Dog;Brown;8;5.7;25.9;95.04400988836436;1
Cat;Black;10;3.8;24.9;104.35684731593074;1
Hamster;White;4;5.8;13.0;85.74556632054596;1
Rabbit;Brown;14;3.5;27.4;107.64551389291489;1
Parrot;White;2;4.0;39.4;112.07372041515735;0
Parrot;Spotted;2;6.1;;;0
Dog;Brown;1;5.6;34.5;110.14805954303722;1
Parrot;Brown;13;4.9;41.1;112.28696324329154;1
Cat;White;4;2.5;33.7;114.69864645100232;1
Cat;Brown;10;3.0;34.7;108.68076687271625;1
Cat;White;9;5.6;16.4;93.15883068907164;1
Dog;Brown;14;6.5;26.8;96.51903681543878;1
Dog;Black;11;2.8;;;1
Cat;White;7;3.3;31.0;103.72215269845763;0
Parrot;Brown;12;5.3;;;0
Dog;Spotted;10;5.2;22.8;99.38882704562413;1
Cat;Brown;7;;32.3;;1
Dog;Spotted;13;5.3;26.2;91.39440571921581;1
Cat;Spotted;7;3.8;35.9;109.57584324860245;1
Parrot;Black;8;8.3;39.0;91.64236660841237;0
Cat;White;1;5.5;36.0;99.66735408796464;1
Hamster;Brown;10;5.8;;;1
Rabbit;Black;13;5.9;29.9;92.29682804892992;1
Cat;Brown;10;2.6;;;1
Cat;Spotted;8;8.9;12.4;88.52417182821999;1
Parrot;White;4;1.8;36.4;112.07221650731807;0
Rabbit;Brown;4;6.6;31.7;102.28272796615533;1
Rabbit;Brown;4;6.2;29.3;88.05648569085534;1
Rabbit;Spotted;6;4.0;28.1;94.45698365204574;1
Cat;Brown;7;;29.6;;1
Dog;Brown;6;4.4;27.6;98.19269611733655;1
Cat;Spotted;1;3.6;24.7;94.53356701673444;1
Parrot;Black;12;5.9;32.4;100.34648238215;0
Rabbit;Spotted;8;3.0;34.8;110.57297084328391;1
Dog;Black;13;4.6;22.3;92.85928561080732;1
Cat;White;10;;26.0;;1
Dog;Black;11;4.3;28.0;97.66609283074219;1
Dog;Black;13;5.9;30.0;91.47557100553479;1
Rabbit;White;7;;;;1
Rabbit;Black;6;4.6;36.6;104.07479846927568;0
Parrot;Spotted;6;4.0;13.5;92.59781153649512;0
Dog;Black;5;7.9;;;1
Cat;White;6;5.7;31.9;93.79098239495615;1
Rabbit;Spotted;12;5.4;24.0;99.85248749575133;1
Rabbit;White;9;6.4;38.8;112.32695794708539;1
Dog;White;10;3.8;41.7;105.27957571989421;1
Rabbit;Brown;9;6.7;32.3;103.04848069486175;0
Dog;Brown;10;5.7;19.3;94.38324906073647;0
Dog;White;8;1.9;40.5;114.72709945891216;1
Dog;White;10;2.1;32.0;107.97938631718584;1
Cat;White;9;3.9;15.1;95.43391564883004;1
Cat;Brown;13;2.4;16.0;106.54795344849313;0
Cat;Brown;10;;45.2;;1
Rabbit;Black;8;3.0;43.5;111.37496634424275;1
Dog;Black;8;4.8;4.8;94.24500103911251;1
Dog;White;1;7.8;16.4;89.71857346763998;1
Parrot;Spotted;10;4.9;;;0
Cat;Spotted;11;4.4;29.8;100.78704061109478;1
Dog;Brown;5;5.8;37.0;104.74003923917013;1
Rabbit;Brown;4;;29.4;;1
Cat;Brown;2;6.7;36.5;103.02567260621645;1
Cat;White;8;6.0;30.1;98.97142944083649;1
Cat;Spotted;3;5.1;25.6;100.25976573997892;1
Cat;Black;4;5.3;40.6;106.11398210963578;1
Parrot;White;12;9.1;32.0;96.59866538763946;0
Parrot;Black;7;6.9;36.5;95.4409441028439;0
Rabbit;Black;10;9.4;31.6;87.84095581472609;1
Parrot;White;9;6.1;25.1;89.17515583841146;0
Parrot;Black;2;2.1;;;0
Cat;Spotted;3;4.5;33.5;104.8747835052919;1
Parrot;Black;4;1.6;26.4;104.77906867029074;0
Dog;Spotted;10;6.1;42.8;102.81157198551321;1
Parrot;Spotted;1;6.5;16.8;96.98874655262105;0
Parrot;Spotted;7;3.2;52.4;124.39968851186411;0
Dog;Brown;2;3.7;28.2;114.1202238934415;1
Cat;Black;5;5.3;;;1
Cat;White;1;2.6;;;1
Dog;White;3;;25.4;;1
Parrot;Black;12;7.5;32.4;89.18489708677708;0
Parrot;Brown;2;5.2;37.2;97.99803715257259;0
Cat;Brown;1;3.9;41.8;116.18165303720758;1
Dog;Spotted;7;1.6;33.0;111.9581325140521;1
Dog;Black;5;6.7;23.5;92.28065757923008;1
Cat;Black;1;3.6;32.2;102.55464456023094;1
Cat;White;6;8.7;25.8;84.6541303017536;1
Dog;Black;5;6.7;;;1
Parrot;Brown;3;3.4;46.3;107.67388254937981;0
Dog;Black;12;3.6;37.6;109.28569232904047;1
Dog;White;7;;32.1;;1
Rabbit;Spotted;11;4.8;37.4;93.63182079170589;1
Dog;White;10;4.0;38.1;99.34344060961443;1
Hamster;White;9;5.1;19.2;97.6780498075153;1
Hamster;Spotted;14;4.0;30.4;110.01983936830432;1
Cat;White;13;5.5;55.6;108.85053634930159;1
Dog;White;13;4.8;42.1;96.6587969247773;1
Dog;Black;9;6.8;25.0;99.25962086970375;1
Cat;Black;14;;24.0;;1
Cat;Spotted;9;3.2;23.6;100.39376828536194;1
Rabbit;Black;2;;;;1
Dog;Black;3;4.3;46.1;106.81783314044621;1
Cat;White;7;4.8;;;0
Cat;Brown;5;6.3;31.6;92.61099903717955;1
Parrot;Black;2;6.2;25.6;103.48964280463842;0
Cat;Brown;3;7.4;33.3;100.2480679421264;1
Cat;Black;10;3.4;21.8;103.57258670308592;1
Dog;Black;6;5.8;10.6;76.96783387132716;1
Hamster;Spotted;13;6.5;46.4;106.59095947527794;1
Cat;Spotted;7;3.7;19.9;101.47100104204735;1
Rabbit;Spotted;9;4.6;26.8;93.20933429907419;1
Rabbit;Brown;1;1.5;;;1
Cat;White;11;6.8;44.3;107.00746248129344;1
Rabbit;Black;7;4.6;32.6;105.34682959296887;1
Dog;Black;8;6.6;18.1;85.84915299149887;1
Rabbit;Black;12;;27.0;;1
Rabbit;Brown;14;4.6;23.2;101.451784656006;1
Dog;Spotted;3;;29.6;;1
Cat;White;4;2.2;42.3;120.82142444553449;1
Parrot;Brown;10;-0.2;;;0
Dog;Spotted;6;3.9;25.9;105.01461332643916;1
Cat;Brown;10;9.6;25.2;87.9070032349588;1
Cat;White;7;2.4;17.4;96.16658648347068;1
Dog;Spotted;13;-0.3;35.9;119.0999301767834;1
Rabbit;Brown;14;;15.9;;1
Cat;White;4;9.7;;;1
Dog;Black;8;5.6;38.5;104.76616523352013;1
Cat;White;5;5.6;45.0;104.75893768947205;1
Rabbit;Black;1;4.4;29.2;94.99074298278667;1
Cat;Brown;4;1.4;;;1
Rabbit;Spotted;3;2.1;22.9;106.70171309972477;1
Dog;Spotted;9;4.4;;;1
Parrot;Brown;8;4.0;31.2;106.93063234048616;0
Cat;Spotted;1;4.8;29.0;91.88429867461886;1
Dog;Spotted;11;6.7;33.1;104.41475599104446;1
Cat;Black;6;3.8;;;1
Parrot;Brown;9;6.7;45.5;103.14592544988864;0
Parrot;White;7;3.8;22.5;108.26529468201366;0
Cat;Black;4;7.1;21.4;94.14208967110568;1
Rabbit;Brown;13;5.2;16.2;90.12498380691478;1
Parrot;Black;1;4.1;;;0
Dog;White;12;5.1;19.1;84.42862850092627;0
Dog;White;2;4.4;32.2;108.22095155274425;1
Cat;Brown;12;;30.2;;1
Cat;White;5;6.5;19.2;80.21387577380509;1
Parrot;Black;12;;35.9;;0
Parrot;White;11;4.3;45.2;114.05456024224704;0
Rabbit;Black;5;2.8;;;1
Dog;Black;8;6.2;4.6;83.80212759459043;1
Dog;White;6;5.7;49.9;102.93974329003554;1
Rabbit;Brown;8;2.6;37.5;103.8462515516045;1
Parrot;Spotted;2;6.7;49.6;111.77307309070554;0
Parrot;White;3;2.6;40.9;114.89733889223615;0
Rabbit;Black;6;7.1;42.9;98.49930189677627;1
Rabbit;Black;12;6.4;;;1
Cat;White;13;5.8;;;1
Cat;Brown;10;4.2;33.7;107.4715924703568;1
Parrot;Brown;3;6.2;22.9;88.36707793272028;0
Rabbit;Black;6;;34.3;;1
Cat;Black;6;6.2;3.7;77.79048652143253;1
Cat;Brown;2;3.7;30.4;101.75887709762823;1
Rabbit;Spotted;7;5.5;43.4;101.75107273208621;1
Cat;White;12;7.3;30.9;101.64046009084782;1
Cat;Black;2;9.4;;;1
Dog;Black;6;4.6;27.4;93.65166776025136;1
Rabbit;Brown;1;6.7;40.0;93.93251279550236;1
Rabbit;White;3;7.3;21.2;87.78014199479202;1
Cat;Brown;2;3.4;39.6;100.48937938510579;1
Rabbit;White;7;8.6;32.3;90.049396430688;1
Cat;White;14;2.9;27.8;98.51895249759218;1
Dog;White;4;6.6;4.3;88.14305183370851;1
Rabbit;Black;8;5.6;27.5;97.53281174620973;1
Rabbit;Spotted;6;5.1;;;1
Parrot;Brown;12;10.1;38.3;87.70899710248894;0
Rabbit;Spotted;10;4.4;45.6;93.94128083014873;1
Dog;Brown;4;4.4;50.4;119.28840600178101;1
Cat;White;5;7.7;42.5;100.65961579238535;1
Dog;Black;13;6.5;24.4;95.98453939480336;1
Cat;Spotted;13;7.6;27.0;85.68708205127976;1
Cat;Black;9;5.2;37.4;102.88575972202307;1
Hamster;Brown;7;5.6;35.2;101.73230437567831;1
Dog;Black;10;8.8;46.3;95.56089691196951;1
Parrot;Black;14;3.3;54.8;108.82818587373264;0
Rabbit;Spotted;14;4.8;52.7;125.79346024129526;1
Rabbit;White;9;6.6;;;1
Dog;Black;7;4.6;35.3;105.95292023510197;1
Dog;White;12;3.9;43.5;116.61942810506989;1
Dog;Brown;1;6.2;46.6;107.92096105519421;1
Cat;Black;12;7.7;28.5;87.7639855996015;0
Rabbit;Spotted;8;4.7;24.7;104.49891378908845;1
Cat;Brown;4;4.7;22.3;101.31108003289009;1
Cat;Brown;3;3.7;21.2;96.30357091342971;1
Rabbit;Spotted;14;4.4;16.2;98.85007334142522;1
Cat;Black;13;7.2;32.5;93.4471498391196;1
Parrot;Black;7;5.2;20.0;95.44239099899308;0
Hamster;Brown;12;3.4;22.2;103.89825233456612;1
Parrot;Black;3;5.5;37.0;108.8424885065248;0
Dog;White;8;7.1;;;1
Cat;Spotted;6;3.9;34.3;107.27481090326131;1
Parrot;White;5;2.3;43.7;125.02863113115596;1
Dog;Black;4;9.4;38.6;90.21976251986524;1
Hamster;Brown;8;2.2;45.2;116.9827838884979;1
Hamster;Spotted;8;4.3;30.8;112.57115237238995;1
Parrot;Black;12;5.5;46.1;109.73738735974553;0
Cat;Black;1;4.5;33.6;95.93009860419441;0
Dog;Brown;9;4.9;31.7;97.17261173922817;1
Parrot;Brown;14;6.2;44.6;107.14789607182722;0
Dog;White;5;0.2;21.3;112.16502453945239;1
Cat;Spotted;4;2.5;50.2;118.41289933369409;1
Dog;Spotted;6;5.1;27.2;109.10612091583232;1
Parrot;Brown;6;4.2;17.8;93.21256421920803;0
Rabbit;White;2;5.3;36.5;101.97793088283981;1
Dog;Spotted;8;5.5;26.2;86.78444895280882;1
Cat;Brown;7;0.8;50.3;128.55329944400486;1
Rabbit;Black;1;7.5;;;1
Hamster;Spotted;5;4.0;33.1;109.83568384400465;1
Cat;White;12;3.3;15.7;102.71015065718649;1
Dog;White;6;5.4;38.1;114.59549629393888;1
Parrot;White;4;5.2;;;1
Rabbit;Black;2;7.4;36.9;94.46956687839946;1
Rabbit;Spotted;13;5.5;;;1
Rabbit;Spotted;14;7.3;9.5;79.05373576085705;1
Dog;Black;4;3.1;;;1
Cat;Spotted;1;5.3;30.9;98.54548747228813;1
Parrot;Black;7;2.8;38.8;110.64830775164064;0
Parrot;Black;2;5.2;45.6;102.70816756036218;0
Parrot;Black;13;4.8;49.1;111.65223029881388;0
Parrot;White;2;4.7;38.6;109.32115012843035;0
Dog;Spotted;9;4.7;32.8;94.03951602664138;1
Dog;Black;5;6.5;15.7;84.9070367336743;1
Rabbit;Spotted;2;;32.0;;1
Rabbit;White;11;3.2;;;1
Rabbit;Black;9;4.9;28.0;108.0013221685646;1
Rabbit;Brown;9;2.6;36.3;106.79444592723472;1
Parrot;White;1;5.1;41.2;100.60956240620787;0
Dog;Brown;11;;;;1
Dog;Spotted;3;2.2;21.7;104.93686419399111;1
Cat;Spotted;4;2.1;28.6;104.21763551023831;1
Dog;White;14;-0.2;23.8;117.40206832994464;1
Cat;Spotted;7;2.6;13.6;100.99853269720612;1
Dog;Brown;10;5.0;20.0;90.81379053197323;1
Dog;Black;4;5.3;17.7;90.33797441538813;0
Cat;Black;2;5.4;42.1;97.2661515180484;1
Dog;Black;7;3.4;47.0;107.03329552232582;1
Cat;White;6;5.0;19.0;96.43799164106181;1
Cat;Spotted;3;5.8;35.5;96.21567721965086;1
Parrot;Brown;6;2.5;38.7;120.87142226524546;0
Dog;Spotted;11;5.2;15.1;92.30461600154571;1
Cat;Spotted;6;6.3;31.6;90.13588287448002;1
Dog;Spotted;12;4.0;55.3;109.93326356966219;1
Rabbit;Black;5;7.1;;;1
Cat;Brown;4;4.1;27.5;101.06743198695463;1
Rabbit;Brown;10;3.3;24.4;107.25997413278817;1
Cat;Spotted;12;;9.8;;1
Cat;Black;1;9.1;34.7;87.24883953748247;1
Dog;Black;10;5.2;49.5;114.74723685517193;1
Dog;Brown;6;6.3;21.9;87.75711311485703;1
Rabbit;Black;2;4.0;;;0
Rabbit;Black;13;2.5;23.4;103.14108194799316;1
Hamster;Black;3;5.3;38.8;107.89361706687887;1
Dog;White;14;5.6;25.7;105.142419937679;1
Dog;Spotted;8;;21.8;;1
Rabbit;Brown;10;6.3;30.2;93.4642893060177;1
Cat;Brown;14;3.7;32.3;108.37904194518678;1
Dog;White;14;3.2;16.1;93.03998202398466;1
Cat;Spotted;6;;27.8;;0
Cat;Brown;3;7.1;25.0;98.43011275028238;1
Hamster;Black;7;3.7;23.6;95.70440180419786;1
Parrot;Brown;4;8.4;19.8;76.78437590296546;0
Rabbit;Black;14;4.4;;;1
Dog;White;9;;23.6;;1
Cat;Black;5;4.8;10.1;94.65880282177487;1
Cat;Brown;3;6.0;32.6;106.04585157889701;1
Cat;Brown;2;5.5;;;1
Dog;Brown;11;5.5;22.0;93.31903891691772;1
Rabbit;White;2;3.0;24.4;104.91249233455207;1
Rabbit;White;3;1.6;23.5;102.60110983597482;0
Cat;Spotted;2;7.3;26.5;96.83604022782116;1
Hamster;Brown;14;3.9;41.1;111.01014469991266;1
Rabbit;Black;4;4.9;28.9;103.61598891008231;1
Dog;White;2;5.7;38.4;98.46232149070113;1
Rabbit;Brown;10;8.3;;;1
Dog;Brown;9;5.3;26.2;100.825365699906;1
Cat;White;2;4.2;39.5;114.36756449761808;1
Dog;Spotted;9;4.0;21.9;95.90950120275708;1
Rabbit;White;13;4.9;40.1;109.2522595358541;1
Cat;White;6;3.2;23.7;98.68964101694858;1
Cat;Black;1;5.1;26.8;108.68596886413306;1
Cat;Black;4;4.9;46.7;106.57587645863735;1
Cat;Spotted;14;8.3;25.6;91.11752587026055;1
Parrot;Brown;1;;31.5;;0
Rabbit;White;14;1.2;36.2;127.52651560680246;1
Dog;Spotted;6;10.3;32.3;86.39950804012283;1
Cat;Black;14;;32.6;;1
Dog;White;13;;29.4;;1
Dog;Brown;4;2.7;;;1
Cat;Black;3;4.6;33.5;102.16265068120529;1
Dog;Black;3;6.3;22.7;86.97617067885945;1
Dog;Black;9;6.1;37.8;97.96000569304822;1
Rabbit;Spotted;6;5.6;43.7;109.45749474072461;1
Rabbit;Brown;9;0.6;11.9;95.4127552688302;1
Cat;White;13;1.6;43.7;115.80977050307145;1
Dog;Spotted;5;8.0;25.9;93.92431960908392;1
Rabbit;Spotted;2;8.4;28.7;88.68251890499975;1
Dog;Spotted;8;4.8;20.9;106.9185506977637;1
Parrot;Black;5;;;;1
Rabbit;Brown;2;3.0;;;1
Cat;Spotted;4;3.4;40.8;98.62683098873605;1
Cat;White;9;2.8;22.6;112.8684528337265;1
Rabbit;Brown;4;3.3;46.6;108.67506424624185;1
Cat;White;13;6.4;36.6;89.16539344135833;1
Dog;Brown;12;3.3;30.9;102.49040342787282;1
Parrot;White;12;9.5;28.2;78.63595445905764;0
Dog;Black;12;5.9;26.9;92.72607554847299;1
Dog;Spotted;13;7.2;27.6;92.40614625472452;0
Rabbit;White;14;6.0;31.7;101.87460552023549;0
Dog;Brown;4;7.4;27.9;90.87665529944532;1
Dog;Spotted;2;3.3;23.6;102.02645349667337;1
Parrot;Spotted;13;7.9;31.7;89.24202388464934;0
Dog;Brown;12;5.3;21.6;87.3415088637517;1
Hamster;White;6;;33.2;;1
Parrot;Black;13;;27.8;;0
Cat;Black;11;5.4;37.0;102.72319889271607;1
Cat;White;14;5.3;39.9;101.85692739386874;0
Cat;Spotted;2;3.8;39.9;99.50336503569329;1
Cat;Spotted;12;5.6;33.2;100.80700046634087;1
Cat;Spotted;7;8.1;34.3;100.99652441452156;1
Rabbit;Spotted;3;3.6;26.8;102.02676743244427;1
Cat;White;3;6.9;;;1
Dog;Spotted;5;2.7;;;1
Parrot;Brown;3;9.2;14.3;74.02810077718442;0
Cat;Spotted;2;6.6;33.8;91.25550435351926;1
Parrot;Black;10;8.5;43.7;98.60707044047318;0
Cat;Spotted;9;6.3;26.4;99.25160764516166;1
Cat;White;2;5.8;24.3;94.0145082390279;1
Rabbit;Black;14;6.6;25.8;83.23117476192118;1
Rabbit;White;11;4.7;15.0;95.16674463267876;1
Parrot;White;2;1.8;31.3;120.58691085168724;0
Rabbit;Black;13;5.9;30.3;96.23050918275858;1
Parrot;White;8;3.5;32.0;104.61077112298288;1
Cat;White;9;2.8;34.2;104.3368323494303;1
Cat;Spotted;7;6.3;22.0;94.50676998946705;1
Rabbit;Brown;3;4.4;32.7;99.79508267752695;1
Parrot;White;9;7.1;34.4;101.00750948834298;0
Hamster;White;3;3.4;25.1;99.06209726757422;1
Dog;White;5;4.1;34.2;106.50895734059483;1
Dog;Spotted;9;7.3;;;1
Rabbit;Brown;12;;23.7;;1
Dog;Black;14;2.0;32.8;112.44739693099025;1
Parrot;Spotted;14;5.5;27.1;103.9850365956246;0
Parrot;Spotted;3;8.0;37.0;95.04311750388584;0
Dog;Brown;7;4.0;;;1
Rabbit;Brown;12;6.2;17.1;89.75904615232388;0
Rabbit;Spotted;1;3.3;32.7;102.59295399311402;1
Cat;Black;4;4.7;32.3;104.70834391851938;1
Parrot;Spotted;4;7.2;19.2;84.54820829598256;0
Dog;Brown;7;5.4;37.5;103.11231520758925;1
Parrot;Black;8;7.6;37.0;99.97600983231956;1
Dog;Brown;1;5.9;21.3;100.8677445488847;1
Parrot;Black;5;9.4;23.4;84.31430041932495;0
Dog;White;7;1.9;28.6;112.90603528033016;1
Cat;Brown;12;4.6;22.4;101.10943875190408;1
Parrot;Brown;4;2.8;36.4;107.88811454589512;0
Cat;Spotted;13;3.0;;;1
Dog;Brown;4;3.0;19.1;97.66878898560527;1
Hamster;Brown;4;5.3;21.8;95.45497313074783;1
Hamster;White;12;5.5;41.9;111.72059876699214;1
Dog;Brown;6;;;;1
Rabbit;White;7;2.8;35.4;109.3716019901783;1
Dog;White;2;4.4;27.9;105.70208373920315;1
Cat;White;5;3.1;;;1
Dog;White;4;6.9;35.5;94.6066055485047;1
Rabbit;Black;14;3.3;30.8;99.4360546344078;1
Rabbit;Spotted;13;4.6;13.9;96.76940682739641;1
Rabbit;Black;3;;40.3;;1
Rabbit;Brown;7;3.8;;;0
Cat;Black;11;6.4;37.4;100.84050016992617;1
Dog;Black;12;8.2;19.1;98.20494213935967;1
Cat;Brown;6;5.4;23.6;101.33341150058682;1
Dog;Brown;14;6.8;11.4;80.7925802871057;1
Dog;Brown;7;0.9;46.0;125.30781139881694;1
Parrot;Black;5;4.1;26.4;96.4156910937466;0
Dog;Black;13;5.4;;;1
Cat;Brown;6;2.9;49.6;115.99793928366935;1
Cat;Spotted;5;5.4;21.0;102.11600729796493;1
Rabbit;Spotted;14;7.1;22.9;97.13723980218471;1
Rabbit;White;7;;34.7;;1
Cat;Brown;2;2.6;12.5;95.74135293375053;1
Cat;White;14;5.4;25.6;99.03224841956323;1
Rabbit;Spotted;11;5.9;;;1
Cat;White;5;6.5;48.5;102.18172154015345;1
Parrot;Brown;6;5.2;31.6;105.51001101152787;0
Rabbit;Brown;6;5.9;27.2;93.26982110144702;1
Cat;Brown;5;6.8;23.7;97.08618278238036;1
Cat;Black;10;4.2;38.9;103.88907019018095;1
Hamster;White;7;3.8;25.0;111.39245977411444;1
Dog;Spotted;10;4.7;29.5;92.4468277985744;1
Dog;Spotted;8;5.4;23.6;90.81615334147716;1
Parrot;Spotted;7;3.7;14.8;95.52316132904839;0
Parrot;Black;5;4.2;20.0;87.47978048405969;0
Hamster;Black;1;5.8;;;1
Rabbit;Brown;13;;27.4;;1
Dog;Spotted;5;4.6;27.8;98.63955394844497;1
Cat;Black;10;1.5;29.1;108.71644995057943;1
Rabbit;Brown;2;5.0;25.1;99.21499740616433;1
Dog;Spotted;13;3.1;43.5;111.46499259111829;1
Dog;White;5;7.0;39.5;100.24758232255425;1
Parrot;Brown;5;4.4;28.6;98.84891792780799;0
Cat;Black;2;3.0;32.5;110.8240787873584;1
Dog;Black;5;4.9;26.3;101.42155001586761;1
Cat;Brown;13;;1.6;;1
Dog;Brown;4;;30.2;;1
Cat;Black;1;5.4;33.1;99.39677032025665;1
Cat;White;3;;13.9;;1
Cat;Spotted;1;8.2;35.0;97.42248320691311;1
Rabbit;White;12;3.8;27.2;97.66591976700784;1
Rabbit;Brown;11;6.9;33.4;100.46911977570883;1
Dog;White;5;4.3;27.5;102.47013386058511;1
Hamster;Black;4;6.7;42.5;100.72738845491439;0
Dog;Brown;7;7.6;32.3;83.96503302274456;0
Cat;Spotted;5;6.3;;;1
Parrot;Black;10;6.5;40.8;99.08443069322956;1
Cat;Black;14;4.8;18.8;98.17281793577791;1
Hamster;Spotted;4;4.1;22.6;98.4301293831461;1
Cat;Spotted;2;5.3;34.5;99.99282332218806;1
Hamster;White;4;4.3;26.3;101.21403919198495;1
Cat;Brown;12;9.9;27.6;84.23286141720924;1
Parrot;Spotted;2;3.0;42.9;111.11503604912106;0
Dog;Spotted;8;7.0;26.9;92.17342720693924;1
Hamster;Brown;3;6.0;;;1
Cat;Spotted;9;5.5;21.7;96.83909588379147;1
Dog;Spotted;13;8.0;51.8;102.11678606371966;1
Hamster;White;4;5.6;28.2;100.40468494907219;1
Dog;Black;13;3.7;16.4;94.97965097778457;1
Rabbit;Black;6;5.6;12.3;100.47443190498228;1
Rabbit;Black;10;4.6;23.8;105.5279430400389;1
Dog;Black;5;6.0;28.0;99.81221497415805;1
Rabbit;Spotted;10;6.6;39.5;90.24209753081475;1
Dog;Brown;13;3.3;38.5;112.3800956942749;0
Parrot;Brown;1;7.4;29.9;91.06681458568973;0
Cat;White;9;4.5;25.5;94.35659634295324;1
Cat;White;1;5.9;33.4;97.1895197484759;1
Hamster;Spotted;8;6.2;12.5;83.31082633035291;1
Parrot;Brown;9;5.7;49.8;110.33401546879755;0
Dog;Brown;9;4.8;36.5;111.92997031281614;1
Rabbit;Black;1;4.0;38.7;111.4801439585339;1
Cat;Spotted;2;4.5;19.3;109.96262620394793;1
Cat;Spotted;12;8.1;42.8;89.33193785212298;1
Dog;Black;13;3.3;25.4;100.26982647765446;1
Dog;Spotted;1;3.6;20.5;94.73487403828845;1
Dog;Spotted;10;3.5;29.6;110.44684157179928;1
Cat;White;2;5.3;29.4;97.69724821510731;1
Hamster;Brown;10;2.0;19.2;104.54758098238626;1
Hamster;Spotted;12;2.3;21.1;106.81842765986529;1
Rabbit;White;8;4.5;;;1
Dog;Brown;5;2.4;20.4;99.89325518397501;1
Dog;Black;12;2.6;26.1;110.23632976848957;1
Parrot;White;11;2.4;16.1;98.1095604974604;0
Rabbit;White;7;3.3;23.1;93.08178515465653;1
Cat;Brown;2;6.5;;;1
Parrot;Black;8;6.9;38.2;96.96865973197367;0
Parrot;White;11;8.8;19.5;84.18380259944713;0
Parrot;Spotted;6;;39.6;;0
Rabbit;Spotted;8;6.6;10.3;82.27891079028514;1
Rabbit;Spotted;1;7.1;54.3;110.54656719424234;1
Dog;Black;1;5.3;43.0;104.95469531719046;1
Parrot;White;12;6.0;24.4;95.24700680998961;0
Parrot;Spotted;7;8.9;33.8;87.39522011305783;0
Cat;Black;8;;16.0;;1
Cat;Spotted;13;7.3;30.6;91.44184447396569;1
Dog;Brown;3;3.1;28.2;105.1734643329663;1
Parrot;White;5;3.7;21.7;104.9249972106344;0
Hamster;White;12;5.6;25.3;97.2502113052998;1
Cat;Black;1;5.3;24.3;97.5254484821874;1
Dog;Black;7;3.8;18.7;88.08172245301692;1
Dog;White;5;9.8;21.4;84.70317500846942;1
Hamster;Spotted;8;5.3;15.6;92.17793470106744;1
Parrot;Spotted;13;4.1;38.6;109.70782551586275;0
Parrot;Brown;8;5.3;20.7;95.36606524184417;0
Dog;Spotted;9;;17.8;;1
Dog;Black;7;5.4;38.4;107.47153583274797;1
Cat;Black;11;1.8;33.7;112.44063305639956;1
Cat;Spotted;1;7.6;38.0;89.75306754478545;1
Parrot;Black;13;;39.2;;0
Parrot;White;3;7.9;49.4;93.84760217806264;1
Hamster;White;8;5.7;28.4;101.60464617125272;1
Hamster;Spotted;3;6.3;15.4;96.23465885965103;1
Dog;White;8;3.3;;;1
Rabbit;White;1;6.7;;;1
Parrot;Brown;5;5.5;20.4;92.62025876932913;0
Parrot;Brown;4;4.1;31.0;102.34514422409556;0
Cat;White;5;6.7;38.7;108.40119177616532;1
Dog;Spotted;8;6.8;21.6;84.9264056354144;1
Cat;Brown;10;5.1;42.7;104.51716477560502;1
Hamster;Black;14;5.9;20.1;99.86661249410875;1
Rabbit;Black;4;2.9;27.6;103.48525585830426;1
Cat;Black;11;7.5;33.9;89.77110142066752;1
Rabbit;Spotted;4;3.2;26.1;104.76507340884875;1
Rabbit;White;3;3.6;12.2;99.32820270853507;1
Dog;Black;7;5.1;39.3;102.38579514925851;1
Cat;Spotted;3;7.2;23.8;93.07184195403774;1
Rabbit;Brown;12;7.2;37.4;90.21692452962719;1
Dog;White;3;5.0;17.4;87.09486458290704;1
Rabbit;Brown;11;6.5;;;0
Dog;Spotted;10;1.6;38.6;117.45008709995864;1
Parrot;Black;5;3.6;33.4;109.70748990492544;1
Dog;Black;5;3.6;;;1
Dog;Spotted;14;7.5;33.6;97.9221035236629;0
Parrot;Black;6;6.3;20.5;92.1825352021739;0
Dog;White;8;5.4;31.1;94.95397652774341;1
Cat;Spotted;10;5.6;31.3;92.17905823988502;1
Cat;Brown;6;8.1;26.3;89.99911577452164;1
Rabbit;Spotted;12;4.7;21.6;103.14781612082723;1
Rabbit;White;1;2.4;30.7;108.32761215388977;1
Rabbit;White;8;7.2;29.5;88.47539575296882;1
Cat;Spotted;8;;25.3;;1
Cat;Spotted;9;6.9;19.7;96.79745423444304;1
Cat;Black;9;4.9;;;1
Dog;White;2;;25.4;;1
Dog;Spotted;2;5.8;19.7;99.8399698363273;1
Dog;Spotted;3;5.0;30.4;101.31959549876798;1
Dog;White;1;5.4;46.1;104.19481524691157;1
Parrot;Spotted;4;8.2;26.3;91.32566122525105;0
Dog;Black;14;2.8;45.0;109.95137161866104;1
Dog;White;4;5.6;51.1;103.7717609107341;1
Rabbit;Black;14;3.4;20.5;103.90803554803634;1
Dog;Black;9;-0.2;30.1;119.92879383782041;1
Rabbit;Black;9;4.9;;;1
Parrot;Black;9;5.1;28.8;92.91601158779073;0
Parrot;White;10;;;;0
Cat;Black;7;4.6;13.3;89.2934758341017;1
Parrot;Black;14;2.0;;;0
Dog;Spotted;2;3.4;35.6;107.84024918882794;1
Cat;White;10;7.6;54.3;110.17453128818302;1
Dog;White;5;3.3;28.0;105.68628862616991;1
Hamster;Brown;4;8.2;;;1
Dog;White;12;;15.9;;1
Dog;White;11;4.4;29.6;102.49727992138588;1
Rabbit;Brown;8;3.5;41.8;101.84835944881863;1
Cat;White;2;7.1;;;1
Cat;White;6;4.5;34.6;100.19136610951662;1
Cat;White;13;1.9;43.1;113.30786442558284;1
Cat;White;5;6.1;;;1
Cat;Brown;12;5.8;30.2;94.07361695945023;1
Cat;White;2;;24.8;;1
Rabbit;White;11;5.7;27.3;102.26574243787468;1
Cat;Brown;10;3.9;19.9;105.91249887732985;0
Dog;Spotted;1;7.5;26.6;90.85073262871887;1
Parrot;Black;8;7.7;29.7;93.10609564449123;0
Dog;Spotted;2;5.5;26.3;102.4530570884683;1
Rabbit;Brown;7;5.1;28.4;91.54669521531441;1
Cat;Black;9;2.4;34.1;113.8781425335185;1
Cat;Brown;9;3.8;42.4;116.31172361697827;1
Cat;Brown;8;6.5;43.1;97.60519836981187;1
Cat;White;11;3.9;37.6;114.01319572801829;1
Cat;Black;14;2.1;17.4;112.68858040150792;1
Cat;White;12;12.0;26.4;81.08923335255415;1
Cat;Black;10;2.1;27.3;110.32252184330062;1
Cat;Brown;9;9.5;23.4;77.6011197543537;1
Dog;Brown;2;4.4;33.4;108.84601964520462;1
Cat;Spotted;6;4.8;;;0
Dog;Black;4;3.7;46.9;114.19870401320182;1
Dog;White;14;6.6;42.0;103.55547553665512;1
Rabbit;Spotted;4;2.1;34.8;94.61873494008735;0
Cat;Spotted;5;1.3;29.4;112.82901691767876;1
Rabbit;Spotted;12;8.2;42.3;109.65737393239246;1
Rabbit;White;3;3.4;;;1
Cat;Spotted;14;6.5;41.1;100.78054002993433;1
Parrot;White;1;2.8;29.4;96.5644231163269;0
Parrot;Spotted;8;6.4;;;0
Cat;White;5;;41.7;;1
Cat;Brown;3;3.9;35.1;106.64771163498608;1
Parrot;Brown;10;1.1;42.6;121.96802401629797;0
Rabbit;Brown;14;;;;1
Cat;Brown;7;6.9;18.3;83.79908765271215;0
Cat;Brown;7;4.1;33.2;101.25302621702038;1
Dog;Spotted;1;4.6;29.4;102.2613634304282;1
Dog;Spotted;12;2.8;28.0;101.1053800493054;1
Rabbit;Spotted;9;7.8;42.2;91.05602445742178;1
Dog;White;2;3.9;31.7;102.95436469949018;1
Dog;White;5;2.2;32.6;104.97645895363796;1
Rabbit;White;13;5.4;26.7;99.2077895862682;1
Cat;White;14;3.3;38.8;115.99348700158458;1
Cat;Brown;5;2.9;37.0;122.78791701352881;1
Rabbit;Brown;14;4.1;38.7;108.74033456069826;1
Parrot;Brown;8;5.2;25.0;100.1298608140977;0
Dog;Black;14;2.2;43.0;111.90341328352937;1
Dog;Spotted;8;7.8;48.4;98.11311612889227;1
Cat;White;14;6.4;38.4;106.4202812327047;1
Dog;White;7;4.3;;;0
Dog;Brown;7;3.2;;;1
Cat;White;12;4.8;26.2;104.81487835064166;1
Cat;White;11;6.8;24.4;90.45686414056705;1
Dog;Spotted;6;6.5;29.3;102.65210218844075;1
Cat;Brown;6;7.1;36.3;99.71514668025702;1
Dog;Spotted;11;4.0;32.9;106.72699085489108;1
Cat;Black;9;-0.8;32.0;115.15905426466328;1
Dog;Black;6;7.5;;;1
Cat;Black;12;4.7;29.3;98.40477026066878;1
Parrot;Brown;13;;38.0;;0
Dog;White;13;8.3;9.9;79.54087467119786;1
Rabbit;Brown;2;9.9;29.9;90.0840478549206;1
Rabbit;Brown;2;3.7;32.9;105.19114413601623;1
Dog;White;13;5.3;37.8;113.18928775118349;1
Cat;Spotted;5;;19.9;;1
Dog;Black;4;3.3;19.4;97.12712618988245;1
Dog;Spotted;11;3.8;35.8;108.23056893400627;1
Rabbit;Black;2;3.8;;;1
Dog;Brown;3;4.9;43.3;112.30049242413637;1
Cat;Black;7;4.6;32.3;103.18390722201248;1
Cat;Brown;8;3.8;45.6;113.09544580402391;1
Dog;Spotted;12;3.1;19.1;101.95269028686212;1
Rabbit;Brown;13;6.6;25.6;87.61063593185938;1
Dog;Spotted;6;7.7;5.9;84.9703672088305;1
Dog;White;11;8.0;22.0;80.71071783939666;1
Hamster;White;5;4.0;28.2;96.72000662107604;1
Rabbit;White;13;6.7;10.4;85.37513542260733;1
Cat;Brown;1;;26.1;;1
Cat;White;8;;10.1;;1
Cat;Black;3;6.5;27.4;96.4367633633509;1
Cat;Spotted;6;3.8;41.5;110.04100693535345;1
Cat;Spotted;3;;29.7;;1
Cat;Black;7;2.2;46.6;116.83280052431701;1
Cat;Brown;13;4.1;37.9;106.38744265439293;1
Cat;Brown;14;;;;1
Parrot;Spotted;7;8.1;22.4;84.74980997286181;0
Cat;White;12;4.3;22.1;100.76408768996771;1
Dog;Brown;9;2.9;33.5;106.31719481146567;1
Dog;Brown;5;8.0;14.2;85.24556732564555;1
Hamster;Black;8;4.0;34.7;109.33023787042875;1
Cat;Black;10;1.5;;;1
Dog;White;10;5.3;43.3;101.88920764909257;1
Hamster;Brown;8;4.4;36.8;107.58183078234669;1
Parrot;Brown;1;9.6;41.0;85.09450159642786;0
Parrot;Black;12;;22.5;;0
Cat;Brown;5;;40.5;;1
Cat;Spotted;3;;44.4;;1
Rabbit;Black;1;5.7;29.6;100.43007959175613;1
Parrot;White;4;7.9;22.6;90.01977260211048;0
Dog;Black;8;5.6;22.8;94.63259037489455;1
Dog;Brown;3;3.3;42.4;115.69308205300956;1
Cat;White;10;6.1;;;1
Rabbit;Black;2;4.9;20.2;98.96178246646812;1
Cat;Spotted;11;5.9;;;1
Dog;Spotted;9;4.3;39.2;109.25324495532566;1
Dog;Black;10;4.2;22.5;97.01063351766523;1
Dog;Spotted;5;4.2;40.2;100.94456968815405;1
Cat;Spotted;14;6.9;34.7;97.93321408572187;1
Cat;Spotted;7;4.3;;;1
Rabbit;White;11;4.1;34.4;97.18637245258937;1
Cat;Spotted;11;3.1;33.8;97.03167228720135;1
Dog;Spotted;2;5.9;28.2;95.63868083291251;1
Cat;Spotted;9;5.6;12.4;97.49112980350914;1
Dog;White;13;4.1;31.8;105.20507504102956;1
Dog;Black;9;;45.7;;1
Cat;Brown;4;8.8;13.9;85.95934757843928;1
Dog;Spotted;4;;20.3;;1
Cat;Black;6;6.0;34.3;105.50789538994694;1
Cat;Spotted;10;7.6;30.4;95.81948882171353;1
Hamster;White;10;-1.8;34.1;126.87951161555604;0
Dog;Black;10;6.6;;;1
Parrot;White;6;4.6;41.6;104.61247526291787;0
Cat;Spotted;12;5.5;30.5;90.56359630298202;1
Rabbit;Spotted;1;4.4;37.0;102.69432302103473;1
Rabbit;White;14;7.2;;;1
Dog;Brown;14;5.7;31.8;96.89494581952715;1
Dog;White;9;5.3;36.3;101.52270474446323;1
Dog;Spotted;2;3.2;31.9;100.52107533426778;1
Dog;White;5;8.8;18.1;79.89455213920388;1
Parrot;Brown;9;5.0;40.9;105.40455416608287;0
Parrot;White;4;9.6;38.2;92.76281088929377;1
Hamster;Brown;11;;8.9;;1
Cat;Brown;3;;23.5;;1
Rabbit;White;7;3.7;40.4;113.31087782574434;1
Parrot;White;6;2.9;11.7;98.77633263219111;0
Cat;Black;8;4.9;39.4;107.24336232596075;0
Cat;Spotted;3;5.4;;;1
Rabbit;Brown;5;5.5;43.4;102.67462805794821;1
Dog;Black;10;7.1;30.0;93.45490414759183;1
Parrot;White;4;8.0;22.8;90.15579887211574;0
Cat;Spotted;13;6.9;33.1;91.49246319170993;1
Rabbit;Black;4;3.9;29.7;104.29524869126058;1
Cat;Brown;4;3.4;21.9;100.8609824862955;1
Cat;Black;10;5.0;52.2;124.98649705784561;1
Cat;Brown;8;5.9;20.3;92.94934750832537;1
Parrot;White;6;4.6;7.6;95.78469882782166;0
Rabbit;Spotted;3;2.3;45.8;120.14971606923422;1
Dog;Spotted;10;6.4;24.2;87.11719198429505;1
Dog;Spotted;5;;27.0;;1
Parrot;White;6;4.2;26.4;101.83507302683148;0
Dog;Brown;5;4.9;24.3;103.73667331073477;1
Parrot;White;6;4.5;22.3;99.08957409781588;0
Dog;Spotted;8;4.3;20.0;97.49425902008586;1
Dog;White;7;2.4;;;1
Dog;White;5;4.8;26.0;91.98019376701798;1
Dog;White;10;6.4;37.3;94.64739641205493;1
Rabbit;Brown;6;5.5;34.8;92.78843155580151;1
Dog;Black;14;;20.7;;1
Cat;Black;4;;31.1;;1
Parrot;White;12;2.4;25.8;109.58008010758493;0
Dog;Black;9;;20.1;;1
Dog;Black;13;3.8;36.9;108.32812892774858;1
Parrot;White;4;;28.8;;0
Rabbit;White;1;5.4;25.9;99.24524417741488;1
Cat;Spotted;7;4.0;21.4;93.52592534241371;1
Parrot;Black;7;2.5;19.7;107.64596857561773;0
Rabbit;Brown;4;;49.9;;1
Dog;White;13;5.7;33.3;97.31093398806698;1
Cat;Spotted;14;6.3;19.1;90.5454729611171;1
Rabbit;Brown;3;6.3;32.9;101.35072424074873;1
Rabbit;Black;8;5.8;;;1
Dog;Spotted;5;;31.7;;1
Parrot;White;10;5.8;43.7;111.52958178727928;0
Rabbit;Brown;7;;14.6;;1
Cat;White;4;5.2;10.1;95.40185240035605;1
Dog;Black;4;;32.6;;1
Cat;Brown;8;5.1;32.8;89.11862471487167;1
Rabbit;Black;14;5.8;-3.4;79.79767878052861;1
Cat;Black;8;5.7;23.8;97.81018711690892;1
Dog;Spotted;2;2.4;19.9;100.17293067277281;1
Rabbit;White;14;5.2;;;1
Parrot;Brown;2;2.1;19.9;114.22087608970938;0
Dog;Black;3;5.3;36.0;102.65520075485453;1
Parrot;Black;12;3.6;19.8;99.79202717077031;0
Cat;Brown;12;8.4;20.2;78.35502942562466;1
Parrot;Black;3;5.2;13.8;88.23819502101881;0
Cat;Spotted;1;6.6;42.7;97.0607968531405;1
Dog;Spotted;14;9.2;34.3;94.94487615069653;1
Rabbit;Spotted;3;3.4;5.1;94.87316810463025;1
Cat;Spotted;6;;20.2;;1
Cat;Black;8;2.6;35.3;112.65250119333106;1
Rabbit;Brown;13;5.7;42.8;103.03239927129462;1
Rabbit;Brown;12;8.5;38.4;94.87245358989271;1
Rabbit;Brown;14;3.7;26.4;103.24881943592854;1
Rabbit;Brown;10;3.2;10.7;97.851336052398;1
Dog;White;6;4.8;38.7;106.44825961698372;1
Cat;Brown;5;9.1;27.0;88.30524825582455;1
Dog;White;4;6.5;30.7;102.12904155242786;0
Cat;White;3;3.2;28.2;107.70281376536762;1
Parrot;Spotted;13;7.9;16.4;82.8154911863702;0
Dog;White;4;1.7;33.6;111.21023627007413;1
Dog;Black;14;9.3;32.3;94.40085293998533;0
Dog;White;7;6.7;25.7;93.31211227474107;1
Parrot;Spotted;1;8.5;34.7;89.97990791321449;0
Cat;White;7;1.7;16.3;99.89430828934984;0
Dog;Black;1;5.3;27.3;99.11519054083124;1
Dog;Black;2;4.7;30.3;96.77571598727214;1
Rabbit;Black;4;3.0;12.7;103.77397711917152;1
Cat;Spotted;1;2.4;;;1
Parrot;Spotted;11;6.0;37.3;108.04033862759711;1
Parrot;Brown;12;6.2;27.0;93.47384842063776;0
Dog;Spotted;11;7.6;29.7;86.66631323186172;1
Rabbit;Black;11;4.0;35.6;106.74587869282688;1
Parrot;Black;9;4.7;26.1;94.18480420892855;0
Rabbit;Spotted;12;2.2;27.0;107.07185880515131;1
Cat;White;6;8.1;18.2;81.91228234200334;1
Dog;Spotted;13;5.1;29.9;104.37536633934546;1
Rabbit;Spotted;1;6.4;26.7;94.83374804968815;1
Dog;Black;1;6.5;35.0;92.05749583962732;1
Rabbit;Brown;6;;35.6;;1
Parrot;Black;4;3.3;37.9;112.57473624796565;0
Parrot;Brown;4;6.4;24.9;99.68546051895238;0
Dog;Black;11;;8.2;;1
Cat;Spotted;6;9.2;37.4;85.87801719065548;1
Hamster;Black;14;3.3;34.3;112.52018155425444;1
Parrot;Black;12;7.3;23.6;93.40281837446686;0
Cat;Black;11;5.7;35.5;107.18269792151276;0
Parrot;Spotted;7;5.6;15.5;92.40104559210654;0
Parrot;Spotted;9;5.1;40.3;102.24701542101553;1
Dog;Spotted;10;7.7;26.7;92.8344424269779;1
Dog;Spotted;5;;21.7;;0
Dog;Brown;9;2.0;23.8;103.02563154076984;1
Cat;Brown;4;7.4;27.7;92.64319291923702;1
Dog;White;13;7.1;29.9;92.67487055588977;1
Parrot;Spotted;10;;30.5;;0
Cat;Brown;2;2.7;;;1
Dog;Black;3;3.1;32.0;101.44204303359405;1
Dog;Spotted;13;1.2;30.1;105.68788710319505;1
Dog;White;11;5.9;23.5;93.60094413213223;1
Parrot;White;1;2.3;22.0;104.26409642689657;0
Dog;White;14;1.6;36.1;117.05488387045914;1
Dog;Black;14;7.5;35.2;97.66651955280943;1
Rabbit;Brown;6;6.5;30.6;103.09342821606371;1
Dog;Black;13;4.3;39.2;104.36403267862283;1
Cat;Spotted;6;4.7;10.4;88.47856965286397;1
Dog;White;1;0.2;24.4;106.80092997177479;1
Cat;Black;11;;18.4;;1
Cat;Black;13;3.6;52.6;115.6087609200798;1
Dog;Brown;3;5.7;37.1;92.18198241519177;1
Dog;Brown;5;0.0;29.2;115.61082688853946;1
Parrot;White;3;7.0;37.8;99.22985083908536;0
Dog;Black;10;;41.2;;1
Dog;Black;3;2.2;;;0
Rabbit;Brown;14;4.3;;;1
Cat;Black;10;3.8;;;1
Rabbit;Black;3;7.1;25.0;93.10129713037962;1
Cat;Black;5;;20.4;;1
Hamster;Brown;13;7.7;;;1
Cat;White;5;5.7;28.4;99.13360099826058;1
Dog;Spotted;4;6.8;25.8;86.93533962538476;1
Cat;White;1;5.0;25.3;100.31815139506719;1
Hamster;Spotted;5;7.5;44.5;108.15462811504332;1
Dog;Black;10;2.7;39.5;108.42815469725235;1
Dog;White;5;5.2;48.3;110.69219347934973;1
Cat;Spotted;4;4.2;35.3;106.092992994961;1
Rabbit;Brown;6;7.8;30.6;96.7414499990619;1
Cat;Brown;10;8.0;29.7;90.30579047687928;1
Parrot;White;4;5.0;19.8;89.56641686819066;0
Cat;White;14;;17.4;;1
Cat;Black;7;5.9;35.1;94.81369704639928;1
Cat;White;7;;20.7;;1
Dog;Black;2;8.3;32.1;93.95384674507582;1
Dog;Black;3;4.1;41.2;105.30553631692318;1
Cat;Brown;1;4.9;23.3;102.4932580625313;1
Rabbit;Brown;8;3.6;50.1;114.20405482984557;1
Dog;Spotted;9;3.2;20.1;99.34297219502989;1
Dog;Brown;4;6.5;39.9;97.04565311951117;1
Dog;Brown;6;4.7;34.2;93.60910500234081;1
Dog;White;9;5.1;41.9;108.67196285183414;1
Dog;Brown;6;3.0;18.8;92.25936619091198;1
Cat;Spotted;14;6.7;53.1;102.4835283407431;0
Cat;White;12;6.9;28.2;95.56422276925137;1
Parrot;Spotted;12;4.6;36.8;102.09661799252243;0
Parrot;Brown;12;7.5;44.4;100.48575935395475;0
Dog;Spotted;9;4.8;24.0;91.53152343025172;1
Cat;White;4;6.6;38.3;97.60770313431048;1
Rabbit;Black;8;1.8;22.3;106.56692852479094;1
Dog;Spotted;9;;44.0;;1
Cat;Spotted;4;4.5;22.4;106.1318173887096;1
Cat;White;5;5.3;30.4;96.11288043559637;1
Rabbit;White;14;5.2;33.1;107.84208394007953;1
Rabbit;Spotted;8;5.3;37.8;102.16097227626767;1
Cat;Brown;12;6.2;;;1
Cat;Spotted;10;3.9;25.5;95.36549595702174;1
Cat;White;14;6.1;41.4;103.2803964446569;1
Rabbit;Black;6;;49.7;;1
Cat;Black;12;2.2;31.7;118.09888566312682;1
Cat;Brown;7;3.4;24.5;102.69109364296646;1
Rabbit;Spotted;3;3.5;12.7;89.96378126252709;1
Cat;Black;7;2.8;48.8;117.39242540272373;1
Rabbit;Spotted;12;4.1;27.6;97.37392663319923;1
Cat;White;14;7.1;20.0;90.66095810597277;1
Cat;Black;8;7.9;16.4;79.79262723797225;0
Cat;Brown;10;;20.0;;1
Rabbit;White;6;4.4;39.2;112.9842782980995;1
Parrot;Brown;10;6.6;;;0
Parrot;White;9;0.3;36.5;117.5983016690829;0
Dog;Black;13;2.9;31.3;111.93350687119761;1
Rabbit;Brown;6;0.4;17.5;116.94423354665727;0
Cat;Brown;12;;22.7;;1
Cat;White;9;3.5;18.9;99.46500808101806;1
Parrot;Brown;13;8.0;35.7;96.1643643805662;0
Cat;White;4;-0.5;19.4;109.72608478356682;1
Cat;White;8;4.2;22.9;99.03057189244821;1
Cat;White;11;6.2;;;1
Cat;White;4;5.8;;;1
Cat;Black;2;7.9;30.5;91.65586793438938;1
Dog;White;10;5.3;28.9;100.38550926251965;1
Dog;Spotted;11;5.7;41.8;106.38508448787776;1
Parrot;Brown;9;1.3;21.8;109.18661891214657;0
Parrot;Spotted;5;3.0;17.0;92.80487390962813;0
Dog;Black;4;;26.3;;0
Cat;Spotted;2;6.1;19.0;96.93140613726908;1
Dog;Brown;1;5.7;30.4;97.61925795890606;1
Dog;Spotted;11;5.6;11.4;91.17754347552717;1
Cat;Black;7;3.2;23.9;101.26723116445747;1
Rabbit;White;6;3.1;20.7;104.80978831405733;1
Dog;Spotted;2;5.4;35.7;97.57864076933316;1
Dog;Black;8;;21.9;;1
Dog;Black;11;3.0;;;1
Cat;Brown;4;4.0;28.0;105.62716895784445;1
Parrot;Brown;8;3.7;33.2;104.97473561787092;1
Rabbit;Spotted;7;3.3;27.3;96.68690747533654;1
Cat;White;5;2.5;23.9;108.86967350060385;1
Parrot;Black;10;5.9;23.3;87.05219332548725;0
Dog;Spotted;10;8.1;31.1;95.72986330112273;1
Parrot;Black;12;4.9;21.1;91.98936391583888;0
Rabbit;Black;8;5.4;26.7;89.21475672984697;1
Dog;White;14;6.1;37.5;100.45499851856765;1
Cat;White;9;5.7;;;1
Cat;Spotted;5;3.3;29.6;100.07198125790656;1
Dog;White;10;8.4;12.1;88.84517312197413;1
Rabbit;White;5;3.5;32.3;108.93370271915337;1
Cat;Spotted;2;6.3;20.2;91.98379761182937;1
Cat;White;5;6.1;40.2;99.62187871880445;1
Parrot;Brown;3;1.1;15.2;102.47051324102594;0
Hamster;Black;7;4.3;34.4;106.45083614375444;1
Dog;Black;10;5.1;42.2;110.03020429259531;1
Cat;Black;5;5.3;19.7;90.98251891173955;0
Cat;Black;8;5.6;21.4;89.86743336357617;1
Cat;Spotted;1;6.5;20.6;89.73086590789066;1
Parrot;Black;3;5.0;25.1;104.51814337928673;0
Cat;Black;3;5.7;35.2;94.41555829831766;1
Dog;Black;9;4.9;24.3;103.16238822371386;1
Cat;Black;5;3.0;18.8;100.61139915796566;1
Dog;Brown;12;5.1;9.8;81.33630428420693;1
Rabbit;Black;9;6.5;;;1
Parrot;Brown;13;7.2;46.8;104.84834036470137;0
Cat;Spotted;9;6.1;35.6;108.5090697252038;1
Cat;White;1;7.7;;;1
Cat;Black;2;5.8;37.5;87.2541176197237;1
Parrot;White;5;6.7;39.5;93.10223592271032;0
Parrot;White;4;6.9;27.5;98.70207753933252;0
Dog;Spotted;10;4.6;30.4;92.4312914646579;1
Rabbit;White;9;6.5;42.3;109.13626945439694;1
Rabbit;Brown;7;3.1;13.6;103.5740447388096;1
Cat;White;6;5.7;40.0;103.8551812103138;1
Parrot;White;7;6.2;26.9;91.71817344826486;0
Dog;White;1;;18.9;;0
Dog;Black;1;6.6;19.7;93.10543676070051;1
Dog;Black;8;7.1;21.4;91.6923823236265;1
Cat;Brown;13;4.8;17.9;103.24829686635053;1
Cat;Brown;13;;47.7;;1
Rabbit;Black;2;;34.9;;1
Cat;Brown;12;5.5;40.6;96.41359646433938;1
Rabbit;Black;10;1.4;35.6;105.21354365970424;1
Cat;Spotted;11;7.7;30.6;93.18139461267803;1
Dog;White;9;5.1;30.7;98.87815649638772;1
Cat;White;7;4.2;;;0
Dog;Brown;6;-0.1;26.8;111.01470229596909;1
Rabbit;Black;1;4.9;15.9;87.69916570638661;1
Cat;Black;1;4.6;40.8;109.67167942313725;1
Dog;Brown;2;3.2;11.9;84.03468050076876;1
Dog;Black;6;;19.4;;1
Rabbit;Spotted;14;;50.1;;1
Parrot;White;6;3.8;31.4;99.79580786648481;0
Rabbit;Brown;2;6.1;31.8;99.5583770989925;1
Cat;Brown;1;3.5;36.4;103.69870452231768;1
Cat;Black;10;5.3;14.6;89.12077563084856;1
Cat;Brown;5;7.4;16.1;88.72460257902398;1
Dog;Spotted;5;4.9;25.6;91.71075841468434;1
Cat;Black;2;5.7;21.0;97.12639165038173;1
Dog;Black;6;5.6;29.3;98.07960246223884;1
Dog;Black;9;5.0;34.9;108.73219433689515;1
Dog;Black;2;4.9;43.9;108.2907498582337;1
Rabbit;Spotted;10;3.9;38.1;102.00256689760326;1
Cat;Black;2;5.3;20.1;102.78997210970617;1
Cat;Brown;3;4.4;26.3;95.02028527598921;1
Rabbit;Spotted;13;8.1;;;1
Dog;White;7;6.6;19.8;94.88704463480887;1
Rabbit;White;6;2.1;17.6;93.10036112658182;1
Dog;Brown;12;2.2;46.6;123.89834490056937;1
Cat;Brown;8;;30.1;;1
Parrot;Spotted;8;4.2;27.8;99.02500290081215;0
Rabbit;White;6;4.6;34.8;105.04428952098837;1
Rabbit;White;12;6.3;35.3;98.541470719573;1
Cat;White;11;;41.2;;1
Dog;White;10;5.6;22.6;86.49596214514474;1
Dog;White;3;7.9;34.0;96.93725676886358;1
Cat;Black;3;2.2;20.9;107.88621193886766;1
Parrot;Brown;1;5.2;28.1;103.59612914622947;0
Cat;Black;7;3.8;30.6;95.95169614016794;1
Hamster;White;5;7.9;;;1
Dog;Spotted;4;0.6;31.1;112.03812175170744;1
